sample_id,cultivar,organ,kingdom,replicate,Otu000001,Otu000003,Otu000005,Otu000007,Otu000010,Otu000009,Otu000014,Otu000016,Otu000024,Otu000017,Otu000018,Otu000046,Otu000043,Otu000060,Otu000032,Otu000066,Otu000084,Otu000090,Otu000120,Otu000100,Otu000171,Otu000193,Otu000279,Otu000241,Otu0001,Otu0002,Otu0003,Otu0007,Otu0008,Otu0011,Otu0017,Otu0018,Otu0020,Otu0022,Otu0025,Otu0043,Otu0045,Otu0099,Otu0135,Otu0016,Otu0036,Otu0040,Otu0053,Otu0073,Otu0103,Otu0109,Otu0140,Otu0145,Otu0160,Otu0169,Otu0177,Otu0183,Otu0230,Otu0261,Otu0279,Otu0292,Otu0303,Otu0325,Otu0355,Otu0364,Otu0380,Otu0397,Otu0408,Otu0421,Otu0425,Otu0427,Otu0451,Otu0459,Otu0467,Otu0479,Otu0499,Otu0507,Otu0516,Otu0588,Otu0601,Otu0612,Otu0615,Otu0645,Otu0657,Otu0661,Otu0664,Otu0688,Otu0700,Otu0734,Otu0736,Otu0757,Otu0760,Otu0826,Otu0842,Otu0877,Otu0907,Otu0942,Otu0983,Otu0989,Otu1117,Otu1125,Otu1141,Otu1204,Otu1206,Otu1257,Otu1281,Otu1284,Otu1321,Otu1330,Otu1338,Otu1400,Otu1431,Otu1437,Otu1524,Otu1531,Otu1577,Otu1694,Otu1709,Otu1713,Otu1731,Otu1756,Otu1761,Otu1781,Otu1821,Otu1841,Otu1866,Otu1875,Otu1881,Otu1896,Otu1906,Otu1909,Otu1927,Otu1930,Otu2003,Otu2023,Otu2033,Otu2059,Otu2086,Otu2119,Otu2135,Otu2146,Otu2150,Otu2197,Otu2226,Otu2233,Otu2240,Otu2314,Otu2360,Otu2365,Otu2369,Otu2382,Otu2384,Otu2407,Otu2423,Otu2454,Otu2490,Otu2527
Darselect_bacteria_bulk_soil_rep1,Darselect,bulk_soil,bacteria,1,1229,1578,101,241,63,195,93,172,99,516,214,142,122,196,127,82,122,291,422,158,445,148,206,294,203,133,241,722,79,317,182,150,50,419,39,167,115,96,139,35,199,175,218,189,94,75,295,132,95,141,826,160,264,116,304,182,55,265,254,311,267,680,28,161,45,606,257,222,305,56,308,358,102,72,154,119,189,195,96,16,196,108,235,85,276,248,148,349,242,154,76,625,165,71,201,109,45,48,300,120,213,74,197,171,660,84,75,106,299,124,56,519,428,34,111,65,152,224,88,139,300,337,27,522,44,212,138,210,76,89,74,588,143,242,288,461,135,139,63,488,310,61,145,89,92,198,172,240,76,78,22,129
Darselect_bacteria_bulk_soil_rep2,Darselect,bulk_soil,bacteria,2,1189,1414,55,202,101,196,123,321,125,187,520,45,386,121,74,119,74,217,545,268,182,216,192,77,165,27,259,505,163,209,135,136,53,101,113,5,355,300,405,47,292,73,242,231,46,34,268,172,337,46,256,239,36,519,332,245,82,68,353,105,161,158,532,232,48,198,50,178,40,61,330,159,108,153,130,170,341,122,420,65,93,324,164,190,743,397,93,481,546,260,594,107,210,291,559,303,221,153,199,180,182,192,428,121,185,67,218,102,554,181,100,105,51,453,255,255,137,406,195,89,41,282,172,53,115,94,87,215,287,195,405,168,90,115,509,200,142,28,205,366,248,39,220,189,289,48,341,314,98,138,575,180
Darselect_bacteria_bulk_soil_rep3,Darselect,bulk_soil,bacteria,3,1324,1490,313,195,321,75,312,257,359,340,168,230,384,60,139,163,78,49,324,123,348,779,313,197,26,146,443,534,99,173,159,165,87,314,64,212,91,43,222,451,96,47,203,299,114,146,146,90,129,695,234,101,44,237,189,131,260,90,414,241,170,240,57,268,174,119,124,189,43,148,94,2,67,161,357,73,33,134,84,195,171,121,73,36,78,299,210,75,258,239,38,16,58,309,288,311,166,168,653,369,82,219,268,420,112,83,494,72,646,133,97,287,315,265,241,51,363,124,100,281,121,196,131,257,95,204,148,123,160,226,167,59,242,129,112,217,533,465,64,86,255,86,264,78,200,25,188,60,202,109,111,196
Darselect_bacteria_bulk_soil_rep4,Darselect,bulk_soil,bacteria,4,1029,1402,141,211,222,147,16,101,122,157,366,111,242,358,51,182,283,196,178,124,271,274,112,19,144,279,305,470,367,164,90,360,497,237,159,102,142,17,347,99,76,183,55,20,165,94,409,115,373,35,164,64,22,274,70,59,27,343,73,96,344,543,142,67,140,157,191,245,22,47,73,144,210,311,183,531,149,53,261,86,209,435,153,328,308,337,113,279,290,366,29,44,146,266,135,107,122,265,78,217,68,287,81,297,103,176,146,98,119,276,276,68,141,182,48,50,112,591,396,275,64,50,28,56,162,178,146,186,347,45,111,142,237,155,235,430,259,113,62,152,300,87,269,206,97,195,418,357,251,39,145,106
Darselect_fungi_bulk_soil_rep1,Darselect,bulk_soil,fungi,1,1232,1339,381,33,225,145,95,319,215,34,179,283,72,185,260,0,287,53,129,243,505,340,273,38,265,163,258,782,230,195,257,301,182,96,125,71,331,192,35,340,57,388,106,34,144,70,147,110,193,68,306,48,79,228,49,267,137,146,299,38,282,76,98,113,224,246,49,336,713,45,302,104,332,102,389,297,204,889,369,150,189,205,229,239,125,111,82,45,45,104,75,245,62,195,145,43,218,496,57,136,177,212,109,196,78,60,277,64,273,294,123,126,70,213,122,47,228,372,60,69,230,252,221,43,215,220,63,129,263,425,182,157,223,17,553,108,310,382,545,109,225,214,223,120,69,248,198,285,129,80,132,130
Darselect_fungi_bulk_soil_rep2,Darselect,bulk_soil,fungi,2,1218,1458,105,67,123,197,168,79,556,317,158,40,33,92,557,464,185,69,68,197,97,223,225,347,85,101,304,718,224,205,1318,96,225,97,242,167,430,490,337,92,160,235,140,151,37,84,489,117,64,20,158,422,83,23,63,454,237,205,153,250,54,45,42,124,244,187,239,87,135,368,109,459,68,170,106,192,279,304,243,142,211,148,257,95,335,50,232,215,206,97,116,23,386,425,235,146,108,85,2,132,139,119,466,91,117,48,242,100,338,192,395,195,286,100,319,474,283,48,357,237,119,159,133,79,87,162,72,346,142,205,354,55,420,90,200,110,404,25,164,194,347,362,336,276,126,42,709,98,273,52,207,370
Darselect_fungi_bulk_soil_rep3,Darselect,bulk_soil,fungi,3,1226,1737,328,189,69,16,90,172,243,70,100,320,175,126,295,370,222,243,99,378,138,52,429,224,380,511,138,723,89,202,199,6,204,39,156,49,360,403,441,248,266,546,167,158,380,88,84,233,101,58,155,58,321,62,106,35,260,183,324,185,194,180,621,379,101,78,683,50,316,609,162,162,175,352,304,73,310,219,201,94,69,237,84,137,83,268,262,49,292,60,120,400,152,279,134,68,68,219,168,965,664,102,239,25,171,72,238,15,177,379,127,192,178,67,384,74,83,26,147,238,121,222,372,179,119,36,30,245,286,117,160,153,213,357,228,354,210,491,312,403,63,83,125,211,468,94,325,47,172,155,79,438
Darselect_fungi_bulk_soil_rep4,Darselect,bulk_soil,fungi,4,1405,1405,129,327,79,114,36,58,182,127,96,241,227,96,103,143,274,571,407,253,60,220,102,281,129,78,227,703,263,120,100,16,292,301,28,182,286,131,224,460,235,75,86,21,136,263,89,320,182,158,182,141,180,155,229,365,76,131,23,204,61,336,387,278,468,107,195,242,124,140,122,143,234,188,117,722,89,346,189,164,90,159,122,161,237,14,313,229,409,273,352,190,148,243,578,197,141,51,9,172,106,95,129,111,84,219,150,473,162,33,68,300,380,224,485,198,634,67,87,130,202,175,112,96,226,313,182,141,104,68,330,433,390,119,541,83,178,57,318,128,308,186,39,141,371,112,121,355,32,82,129,551
Darselect_bacteria_rhizosphere_rep1,Darselect,rhizosphere,bacteria,1,1672,2211,55,184,154,84,387,280,225,366,232,88,147,99,369,543,666,75,424,58,36,231,216,675,60,190,360,669,280,86,526,442,289,600,633,222,67,762,111,546,216,232,72,319,135,838,756,172,912,378,133,399,66,498,454,706,135,124,211,310,576,159,376,423,280,57,264,201,124,223,274,211,276,238,111,339,129,396,88,321,144,280,390,187,571,163,190,240,208,712,216,55,324,276,76,198,264,121,46,283,411,264,75,121,327,172,159,255,478,34,574,411,324,210,99,40,168,340,133,226,181,69,424,394,159,106,202,171,46,597,529,189,477,276,201,439,150,622,858,312,267,184,295,736,108,96,261,316,49,189,333,528
Darselect_bacteria_rhizosphere_rep2,Darselect,rhizosphere,bacteria,2,1641,2169,129,259,148,42,190,408,72,171,162,48,709,891,129,223,151,214,297,154,255,435,387,234,175,85,327,568,277,151,379,135,210,471,246,120,103,633,603,118,337,336,297,160,123,57,43,568,403,190,225,16,346,147,1020,327,229,691,165,426,373,48,135,301,327,460,517,70,405,87,372,43,456,100,514,108,249,619,294,100,45,349,219,216,214,219,168,118,114,193,381,379,249,642,168,327,205,78,190,91,567,42,120,37,439,165,130,96,234,7,331,303,181,61,852,547,258,127,493,163,352,189,553,516,597,78,718,178,304,289,762,424,139,537,147,406,322,667,390,46,544,385,561,214,378,217,154,262,253,133,189,673
Darselect_bacteria_rhizosphere_rep3,Darselect,rhizosphere,bacteria,3,1615,2058,75,445,282,67,261,88,241,297,724,546,210,73,250,588,549,475,171,477,58,283,258,15,168,51,597,620,225,202,480,279,477,316,366,36,163,84,457,216,318,109,243,87,412,204,244,357,301,40,312,49,339,907,66,18,234,16,262,123,133,199,271,391,372,88,225,612,109,669,67,520,135,114,363,759,298,250,42,582,688,952,217,247,57,111,327,936,499,42,222,163,841,409,477,352,462,157,70,216,280,690,87,288,261,75,334,405,300,82,163,96,492,220,463,178,153,262,267,804,394,426,576,385,591,141,951,369,220,378,360,607,75,123,409,243,421,270,169,37,117,307,219,121,238,817,1,541,592,916,142,151
Darselect_bacteria_rhizosphere_rep4,Darselect,rhizosphere,bacteria,4,1602,2617,219,690,57,189,247,519,90,232,28,42,487,273,420,880,33,103,213,45,253,192,517,396,96,417,528,548,118,203,261,835,310,1020,133,288,483,394,97,328,471,475,262,607,135,403,109,313,327,145,487,175,438,472,391,241,183,474,357,192,180,81,196,72,738,249,456,114,60,448,334,250,544,661,262,37,88,45,162,237,457,49,172,145,168,57,408,184,184,178,348,331,276,105,799,351,34,159,78,738,577,54,255,721,180,562,384,157,390,93,564,448,187,115,228,588,351,352,378,261,163,61,88,504,28,67,372,7,475,465,271,388,105,24,277,81,165,174,240,220,354,733,405,222,195,337,235,274,289,232,348,168
Darselect_fungi_rhizosphere_rep1,Darselect,rhizosphere,fungi,1,2130,1840,577,520,196,577,420,285,238,505,619,228,27,61,306,456,124,39,154,87,516,261,744,1114,226,97,304,514,49,222,57,141,48,132,133,148,165,177,738,327,117,190,43,483,78,451,405,273,141,244,292,582,483,183,112,403,727,678,277,135,93,157,186,100,385,139,138,144,741,232,51,223,202,459,30,93,49,282,168,291,270,196,855,304,292,370,112,357,72,187,196,264,270,303,339,496,1147,216,307,202,501,304,369,34,456,7,531,213,118,576,631,141,91,840,105,124,225,75,448,31,118,322,388,276,183,444,48,252,16,22,189,244,103,537,28,186,388,151,201,511,292,709,91,729,49,46,766,507,298,333,198,181
Darselect_fungi_rhizosphere_rep2,Darselect,rhizosphere,fungi,2,1777,2223,309,172,421,244,192,210,495,1122,249,730,237,114,225,462,480,112,889,249,106,84,171,222,400,654,297,535,582,218,79,100,613,73,156,97,358,81,295,438,393,370,148,117,474,87,429,22,120,105,160,541,411,442,271,225,528,477,102,102,520,144,64,250,498,481,46,243,16,372,265,106,234,468,643,340,324,208,399,72,294,255,177,870,258,541,42,234,145,75,297,310,144,183,253,66,265,267,309,415,49,99,480,205,93,165,126,282,612,408,90,382,289,37,174,189,568,396,108,61,295,139,169,135,172,682,478,484,415,99,109,343,139,54,570,187,258,189,199,163,397,436,537,85,726,306,303,498,40,40,429,145
Darselect_fungi_rhizosphere_rep3,Darselect,rhizosphere,fungi,3,2106,1996,147,387,277,504,405,120,210,84,943,307,528,196,199,70,478,84,714,349,63,361,153,57,595,208,298,835,382,175,391,165,229,340,381,195,162,400,6,352,132,460,607,931,111,444,682,375,108,139,276,156,535,193,319,142,583,408,222,265,906,480,222,187,651,256,994,456,417,157,142,256,288,271,184,235,567,54,271,93,454,600,541,163,46,520,376,97,208,327,276,400,106,100,381,402,697,475,207,430,214,124,246,748,637,385,424,271,492,535,357,45,165,303,393,318,166,942,528,459,208,603,169,97,187,301,424,99,141,169,114,553,274,103,472,495,103,265,115,1275,117,177,229,235,490,300,267,210,187,340,948,492
Darselect_fungi_rhizosphere_rep4,Darselect,rhizosphere,fungi,4,1881,2419,181,93,72,96,697,322,139,438,336,540,142,252,216,292,184,112,117,277,277,265,288,120,103,147,427,561,360,148,352,172,196,219,388,142,355,556,75,237,261,366,126,525,210,277,369,637,312,451,294,801,85,147,198,459,16,252,268,144,139,172,154,471,1167,334,177,406,232,96,121,436,370,142,96,72,744,126,277,79,198,735,175,486,529,745,309,54,286,363,202,765,177,777,334,69,195,324,84,223,175,292,31,132,586,37,180,120,561,79,420,166,721,523,219,438,193,255,234,559,537,117,249,358,268,427,54,198,484,130,424,171,352,285,259,357,582,49,177,28,207,310,211,105,952,96,300,108,124,688,327,85
Darselect_bacteria_root_rep1,Darselect,root,bacteria,1,717,1068,107,286,389,104,127,83,232,142,84,168,295,162,118,105,203,325,220,67,188,100,227,84,58,133,221,700,95,226,143,109,212,95,94,158,88,215,66,43,19,405,184,98,36,40,54,80,330,191,239,97,106,289,180,48,25,62,76,21,219,179,77,102,128,145,253,85,90,92,105,337,49,24,74,88,133,255,176,61,77,23,153,125,98,181,96,156,51,85,26,577,83,49,191,46,247,88,87,158,156,356,42,132,47,209,163,240,98,79,88,145,173,314,99,127,95,133,173,81,155,215,158,55,38,42,49,233,225,172,73,24,95,84,273,30,52,47,63,95,66,13,88,80,185,215,143,182,34,65,107,142
Darselect_bacteria_root_rep2,Darselect,root,bacteria,2,628,1215,270,77,162,94,282,100,190,142,21,100,77,45,156,198,67,179,78,79,75,380,187,296,422,74,233,807,26,211,219,89,171,93,180,67,14,153,78,57,380,109,30,131,128,249,180,272,136,93,98,47,19,220,57,126,128,130,179,177,60,49,80,81,133,105,28,297,107,51,32,49,266,196,88,143,90,28,101,70,249,52,244,133,68,273,471,46,74,54,120,109,95,22,81,81,39,296,44,199,55,91,196,37,91,296,110,77,146,32,84,92,226,42,72,210,51,139,105,80,67,53,72,361,110,265,127,198,53,58,112,60,335,50,79,18,190,31,53,86,220,56,193,121,289,139,23,99,9,66,107,109
Darselect_bacteria_root_rep3,Darselect,root,bacteria,3,636,1152,41,177,201,333,70,44,212,88,161,329,78,44,177,143,69,80,49,392,62,37,164,47,87,94,152,678,79,145,37,101,48,72,112,180,56,631,63,105,151,236,118,276,181,109,270,100,77,51,19,132,74,317,82,170,56,81,109,193,143,403,218,242,112,67,60,247,157,138,31,67,199,256,397,132,158,376,93,74,14,187,84,191,541,125,65,28,333,136,165,90,103,79,104,251,81,120,118,126,61,224,121,116,74,130,118,124,65,166,59,76,315,60,238,145,37,30,180,46,64,272,145,86,12,125,230,23,109,307,82,241,37,96,174,61,24,100,283,257,182,32,147,45,576,219,118,100,223,251,61,171
Darselect_bacteria_root_rep4,Darselect,root,bacteria,4,714,1061,154,149,277,234,346,61,41,61,149,81,19,162,39,249,19,49,52,62,199,19,86,266,451,87,199,521,406,231,182,170,57,5,36,40,93,28,95,49,60,119,93,332,270,319,150,130,342,236,95,75,109,254,63,133,84,86,149,78,137,349,91,62,169,277,250,58,52,114,94,288,140,178,235,202,259,122,160,57,79,53,147,100,72,343,91,73,362,7,200,117,50,128,189,126,179,161,245,137,42,107,42,124,147,64,98,333,50,32,119,89,97,55,83,200,88,298,123,74,197,55,25,120,115,142,43,30,159,237,81,255,337,368,95,139,173,205,72,43,30,224,242,364,92,148,360,153,48,141,84,268
Darselect_fungi_root_rep1,Darselect,root,fungi,1,982,1153,125,8,100,67,41,522,77,223,112,127,61,172,291,91,85,177,194,191,32,91,228,136,161,144,206,526,95,247,346,32,117,88,56,38,28,86,158,119,154,114,142,149,151,86,138,431,64,108,361,14,172,109,198,286,51,89,219,100,152,35,49,201,121,56,109,140,84,85,121,81,139,315,84,242,79,161,45,67,23,142,77,109,72,36,87,105,21,148,76,227,63,163,213,225,114,231,37,74,62,290,170,9,198,58,244,99,4,62,171,84,148,175,39,66,121,62,52,170,541,88,198,423,16,522,170,131,112,180,207,308,89,318,240,135,55,22,112,35,51,243,298,72,175,189,255,101,149,54,301,67
Darselect_fungi_root_rep2,Darselect,root,fungi,2,1021,1166,95,394,103,110,137,168,314,157,157,99,42,26,89,12,82,18,306,22,113,66,98,350,76,32,276,611,28,239,189,44,13,100,70,4,179,352,347,85,147,81,88,106,75,425,21,238,148,11,48,119,79,125,72,208,57,373,410,117,74,1,166,74,166,56,51,56,118,23,251,111,218,105,175,137,516,191,79,171,73,46,73,62,282,205,247,138,128,320,42,207,67,414,210,101,23,28,158,113,170,96,114,239,154,37,201,15,39,202,53,229,39,56,166,206,18,118,33,206,14,86,254,172,281,158,28,115,415,49,289,80,42,64,5,122,345,92,163,215,221,64,102,175,65,255,105,273,179,42,67,50
Darselect_fungi_root_rep3,Darselect,root,fungi,3,852,921,164,404,337,18,18,98,54,230,91,205,59,118,35,56,182,235,63,140,406,14,110,110,84,62,252,825,305,248,64,90,431,205,91,163,32,168,134,28,91,62,33,13,14,42,315,53,111,88,16,127,223,65,173,202,65,36,47,15,114,246,128,91,66,210,189,140,151,62,197,102,234,125,398,177,201,212,37,97,270,161,436,190,140,102,23,143,116,370,111,306,74,99,230,486,149,88,92,179,105,131,69,114,125,156,218,103,37,42,192,350,84,165,116,48,282,112,104,106,275,177,28,59,84,372,155,268,39,60,150,93,147,108,184,13,39,91,349,51,20,30,126,79,135,41,62,251,28,60,70,128
Darselect_fungi_root_rep4,Darselect,root,fungi,4,969,1157,190,211,191,98,188,188,65,64,305,198,506,218,39,123,191,109,32,165,101,125,372,206,186,20,129,742,95,162,137,58,32,55,16,140,121,80,62,251,18,241,100,172,167,27,230,327,73,56,86,218,200,84,143,396,160,34,16,298,315,245,25,124,123,178,149,308,269,114,60,82,49,72,162,56,280,111,80,183,23,184,264,138,41,53,61,202,168,118,114,30,108,30,117,37,272,208,39,11,78,112,388,151,86,125,282,123,81,124,69,171,177,187,123,115,298,33,471,155,171,299,176,452,56,74,118,149,52,150,15,219,118,217,135,134,294,174,107,322,155,91,60,49,28,52,115,250,69,146,44,46
Darselect_bacteria_leaves_rep1,Darselect,leaves,bacteria,1,435,623,110,29,25,77,109,26,108,5,88,78,47,134,36,101,97,77,21,185,93,42,44,115,202,146,59,653,143,242,111,107,90,100,25,75,51,168,34,78,61,44,216,154,65,28,11,36,38,160,39,8,186,70,62,6,95,52,168,5,71,192,54,75,118,118,137,33,78,30,40,20,99,47,3,148,40,83,90,108,135,51,40,42,62,113,56,66,23,80,5,39,80,3,40,161,59,257,89,58,38,57,11,208,257,81,82,142,61,95,25,200,124,58,196,6,112,34,102,40,65,161,37,98,73,86,98,60,15,27,166,44,72,67,26,78,25,113,138,40,128,104,152,100,86,111,88,72,22,206,41,42
Darselect_bacteria_leaves_rep2,Darselect,leaves,bacteria,2,429,638,32,21,91,112,97,36,50,91,91,14,50,107,13,102,20,20,107,128,85,19,20,102,59,85,116,579,12,192,88,36,81,63,46,60,60,68,92,92,107,99,65,32,12,116,64,65,55,41,70,60,166,88,114,166,102,102,80,33,93,129,29,172,128,64,123,85,91,33,62,72,137,4,28,101,7,53,40,12,74,98,27,77,55,109,144,12,192,44,101,149,57,81,29,34,24,113,111,63,28,121,32,169,102,103,23,134,45,38,82,41,34,12,28,92,59,59,44,68,143,54,55,129,70,134,128,102,135,102,266,129,22,29,15,155,93,133,54,79,31,98,142,45,45,141,98,122,174,14,111,126
Darselect_bacteria_leaves_rep3,Darselect,leaves,bacteria,3,541,567,234,111,25,71,53,30,195,226,20,52,72,250,200,19,133,60,40,63,57,16,18,70,52,238,99,637,83,302,47,19,19,138,122,24,22,118,70,56,111,49,87,254,126,135,50,114,122,52,120,60,90,44,85,61,23,128,57,57,68,92,61,64,90,62,18,40,38,33,116,55,104,121,52,162,214,20,12,37,61,52,187,121,58,128,233,105,4,30,86,37,170,21,212,16,54,26,76,156,56,50,154,35,119,141,122,195,56,114,49,17,29,172,185,18,140,76,75,51,32,183,52,98,22,20,188,446,67,118,31,55,7,31,62,149,67,73,36,76,29,17,11,54,79,66,20,118,23,84,50,78
Darselect_bacteria_leaves_rep4,Darselect,leaves,bacteria,4,493,531,40,56,92,104,54,147,126,119,58,112,154,44,44,31,161,77,96,9,21,48,32,96,150,39,89,618,145,244,114,12,96,23,19,27,78,67,96,35,89,153,41,89,95,58,64,12,104,57,138,158,92,118,107,67,43,104,77,10,29,54,177,43,32,27,220,120,124,26,47,44,113,30,12,14,207,122,35,192,165,80,38,121,130,55,230,56,40,27,178,50,177,70,109,116,27,102,160,27,92,22,39,97,70,35,41,78,141,48,165,13,20,86,75,189,38,6,47,60,22,59,11,52,138,131,120,81,265,81,82,49,31,80,29,86,101,52,104,152,134,34,127,128,89,26,41,24,16,136,125,171
Darselect_fungi_leaves_rep1,Darselect,leaves,fungi,1,538,517,5,60,80,102,66,10,34,43,132,108,76,121,98,84,62,190,3,32,127,90,94,52,124,72,95,618,117,221,109,15,98,45,46,9,95,32,40,44,50,61,113,221,55,74,213,40,141,231,20,28,221,56,78,73,124,18,32,142,118,61,253,34,20,24,25,54,75,42,52,43,13,95,54,186,77,63,46,118,44,148,89,10,149,36,25,155,50,75,213,170,109,108,125,86,47,38,151,30,50,151,52,65,117,206,7,29,16,105,51,34,169,40,196,55,121,39,68,104,40,99,26,170,172,35,56,22,54,34,27,136,32,14,112,22,97,100,47,56,73,206,32,180,77,172,39,171,74,34,100,201
Darselect_fungi_leaves_rep2,Darselect,leaves,fungi,2,484,327,15,62,92,133,27,58,67,50,25,88,48,23,39,80,181,10,107,38,14,73,164,117,57,113,138,512,96,285,203,87,17,42,147,77,24,116,148,101,154,102,50,247,55,224,114,26,108,53,102,52,71,23,116,227,70,82,58,84,65,103,35,116,82,68,45,24,109,205,146,114,93,82,266,155,30,46,92,56,84,228,56,48,5,88,68,122,13,44,157,72,19,68,47,145,73,208,132,59,60,35,140,143,132,165,125,25,60,50,20,92,94,26,88,31,186,76,48,94,76,31,186,64,19,170,71,128,84,65,41,53,126,34,217,143,45,83,36,63,45,128,96,24,38,36,41,50,28,24,54,75
Darselect_fungi_leaves_rep3,Darselect,leaves,fungi,3,449,543,27,21,52,121,18,76,23,73,38,56,104,9,66,39,53,70,86,88,50,77,136,26,22,84,71,510,63,174,112,38,174,148,165,30,41,15,88,41,57,98,130,152,77,32,43,53,155,69,106,210,126,40,170,186,227,11,67,53,235,115,43,137,20,18,92,49,58,44,68,151,168,34,43,186,132,76,48,81,81,64,91,87,77,36,27,44,165,21,106,181,92,91,63,60,80,77,246,150,46,67,30,46,38,148,35,23,58,156,63,43,85,273,50,208,106,75,78,112,96,45,94,158,64,65,58,69,136,120,102,105,111,210,131,139,72,104,54,58,22,6,228,50,253,50,65,44,42,3,51,23
Darselect_fungi_leaves_rep4,Darselect,leaves,fungi,4,462,794,71,116,21,36,56,86,112,53,64,117,190,202,38,72,68,118,109,100,12,25,29,43,176,30,178,632,16,227,97,89,37,36,44,48,100,17,117,129,96,84,124,78,129,112,35,54,62,159,173,6,58,156,44,109,25,117,30,241,134,51,122,51,77,116,144,71,113,56,126,72,21,65,40,184,75,48,55,66,277,78,94,84,84,11,25,75,107,126,220,215,38,88,109,30,11,39,104,46,108,177,44,106,68,93,81,194,47,170,60,51,22,22,81,165,95,110,128,103,29,18,158,30,168,40,93,26,38,45,73,62,136,19,55,134,49,105,19,50,51,56,150,23,63,18,90,116,45,146,118,66
Elsanta_bacteria_bulk_soil_rep1,Elsanta,bulk_soil,bacteria,1,1261,923,288,123,106,98,448,197,404,118,427,153,62,175,245,68,220,262,116,245,348,103,112,479,337,190,465,307,73,399,227,156,107,256,240,622,184,124,201,208,322,41,64,145,240,282,8,314,326,132,84,221,248,129,104,118,233,117,101,107,117,104,201,132,15,96,205,11,230,38,34,507,397,378,146,155,104,139,58,263,129,359,257,361,40,117,379,47,216,162,357,318,273,334,71,652,78,471,120,282,422,76,264,170,20,90,113,177,49,256,380,360,158,111,219,236,100,160,101,48,204,283,158,115,120,94,212,279,584,243,117,234,167,323,175,22,375,31,221,249,463,175,225,93,36,181,409,271,163,17,465,82
Elsanta_bacteria_bulk_soil_rep2,Elsanta,bulk_soil,bacteria,2,1247,847,224,391,134,226,224,304,133,117,289,140,223,214,159,158,209,115,149,235,29,727,120,97,84,359,559,349,40,400,71,80,149,214,18,161,173,270,170,141,75,138,89,246,171,212,153,145,45,9,267,350,148,88,160,258,198,130,34,191,89,158,105,118,381,389,188,145,132,315,218,439,61,268,111,17,38,35,334,111,88,153,241,236,218,35,256,101,309,140,64,219,96,229,241,427,466,215,64,451,23,178,70,54,88,158,123,125,158,294,103,294,318,733,160,203,133,52,299,55,238,41,116,428,305,305,180,316,116,104,109,150,245,87,132,198,127,114,200,173,90,180,166,34,152,249,45,396,261,248,179,54
Elsanta_bacteria_bulk_soil_rep3,Elsanta,bulk_soil,bacteria,3,1013,944,220,431,80,432,214,231,754,14,210,304,561,92,61,217,238,150,146,220,54,129,13,64,100,63,415,402,478,410,93,210,61,313,210,499,71,233,614,181,119,60,268,600,95,130,120,290,252,398,190,64,295,316,380,151,140,426,201,219,379,49,146,30,109,298,93,361,336,190,92,189,400,121,237,92,297,207,193,166,41,158,229,58,235,136,412,146,22,135,265,96,44,162,107,171,110,167,503,21,18,49,225,187,109,120,116,104,72,115,107,197,67,70,420,363,267,213,218,239,83,476,91,87,37,278,134,179,100,39,324,272,364,58,254,451,83,352,316,94,70,282,89,190,444,314,130,185,72,356,192,143
Elsanta_bacteria_bulk_soil_rep4,Elsanta,bulk_soil,bacteria,4,1175,760,127,142,75,261,25,183,149,346,93,61,224,135,183,237,46,206,234,75,331,175,65,158,23,124,413,426,873,346,270,377,57,154,243,340,180,26,104,335,423,227,691,247,157,16,98,32,45,55,695,122,168,49,154,127,107,203,33,98,146,60,91,98,181,270,80,464,494,47,10,133,96,18,120,383,266,226,186,141,56,118,49,403,60,226,31,467,43,17,263,86,28,112,273,104,252,216,175,63,2,81,287,145,260,99,100,20,271,324,47,217,278,529,178,451,59,51,96,429,26,142,110,69,85,218,162,26,200,407,124,356,192,67,278,90,155,241,125,135,402,168,378,49,256,171,666,100,68,143,379,52
Elsanta_fungi_bulk_soil_rep1,Elsanta,bulk_soil,fungi,1,895,741,273,335,406,297,329,461,459,80,300,166,60,231,114,329,8,193,649,155,178,120,77,6,23,108,499,489,375,578,256,18,72,131,47,94,101,67,51,140,129,168,341,59,121,43,66,123,349,109,238,83,352,210,265,224,207,471,263,100,92,160,448,178,54,107,104,77,260,111,173,518,158,48,48,77,218,110,129,204,69,22,101,76,35,66,373,128,255,247,129,370,275,285,361,129,54,155,144,31,363,140,300,53,145,100,578,90,181,207,149,188,257,167,56,179,139,66,375,216,320,505,93,122,114,117,50,63,267,73,343,490,165,387,148,203,376,214,93,357,351,320,219,355,296,44,184,135,244,206,192,118
Elsanta_fungi_bulk_soil_rep2,Elsanta,bulk_soil,fungi,2,1130,756,315,28,546,382,294,36,278,140,345,147,154,254,170,419,545,42,51,127,246,109,51,105,80,190,407,299,182,520,129,261,141,76,185,395,74,270,276,418,150,168,235,315,142,263,11,229,435,90,382,37,186,178,217,48,258,253,294,341,143,191,229,264,402,151,133,243,102,291,155,65,202,168,90,53,111,479,355,144,228,205,61,235,187,339,129,170,325,86,153,138,89,603,88,167,49,184,414,414,197,504,130,395,12,95,392,121,78,221,59,70,196,176,87,196,146,34,207,442,51,112,106,505,70,254,429,59,118,369,435,232,40,46,89,73,33,76,172,51,184,115,173,118,96,49,205,169,258,94,62,285
Elsanta_fungi_bulk_soil_rep3,Elsanta,bulk_soil,fungi,3,1015,689,190,45,72,119,275,105,70,70,49,150,64,596,230,72,143,523,132,229,471,144,148,139,226,163,525,299,142,308,263,360,107,210,424,7,101,183,197,364,108,184,431,278,315,197,78,17,391,173,549,451,144,148,34,136,112,40,145,433,108,19,323,372,258,108,372,401,202,203,95,210,277,70,299,115,118,412,274,347,274,71,129,260,23,126,373,307,430,72,29,30,224,218,432,81,171,215,84,196,569,132,91,287,129,204,76,56,117,209,423,94,105,124,278,48,46,159,81,19,100,98,11,488,245,201,511,45,92,127,47,340,66,160,237,258,27,102,45,28,251,159,243,38,38,451,121,57,105,257,55,273
Elsanta_fungi_bulk_soil_rep4,Elsanta,bulk_soil,fungi,4,590,701,127,93,54,197,268,158,530,106,59,653,233,86,76,65,125,198,123,154,155,271,341,374,138,86,296,504,488,391,306,27,73,208,210,252,395,158,132,416,76,140,644,224,113,287,178,167,194,66,69,126,115,506,113,197,182,504,302,51,326,160,97,456,192,17,43,123,40,446,166,307,203,45,100,30,83,301,73,118,463,125,92,63,435,465,83,92,81,364,22,203,270,91,267,59,173,45,437,83,137,296,378,387,162,46,121,120,201,304,65,406,169,84,106,281,152,713,221,354,188,85,117,116,54,498,370,131,194,50,44,182,44,143,283,240,207,679,84,216,33,216,68,94,167,140,261,38,46,158,195,125
Elsanta_bacteria_rhizosphere_rep1,Elsanta,rhizosphere,bacteria,1,2463,1195,694,567,220,129,306,264,90,426,252,238,21,150,169,51,184,21,184,114,822,81,724,232,46,540,925,534,78,403,165,688,138,288,934,282,208,247,54,235,109,261,130,201,340,262,589,189,267,169,558,373,123,90,1123,454,183,105,313,186,244,328,211,600,468,259,234,175,535,582,918,276,111,340,247,226,313,118,330,162,99,313,72,100,525,231,106,549,141,304,60,54,675,237,43,88,70,79,379,88,145,577,478,31,108,363,391,351,45,144,570,165,262,220,411,496,91,124,100,105,298,717,156,232,298,468,67,310,198,217,285,159,222,342,696,409,661,727,475,529,492,363,124,390,307,322,250,102,151,211,114,136
Elsanta_bacteria_rhizosphere_rep2,Elsanta,rhizosphere,bacteria,2,1567,1213,34,66,286,201,187,397,313,73,213,564,298,268,115,154,130,199,214,289,510,534,64,373,124,319,331,316,609,454,259,106,261,244,141,72,838,184,100,183,163,90,162,189,45,97,10,327,375,72,159,441,454,99,325,61,231,211,436,25,30,490,49,591,52,141,343,171,753,544,583,400,244,160,60,126,211,139,91,330,621,1266,886,739,324,43,117,309,162,529,109,121,118,291,126,340,372,426,342,330,177,81,714,240,651,349,339,450,85,622,232,796,315,58,387,522,48,864,472,129,283,462,187,139,147,705,1434,412,24,615,187,133,162,111,87,163,204,322,378,405,177,189,159,310,432,306,441,288,342,544,244,186
Elsanta_bacteria_rhizosphere_rep3,Elsanta,rhizosphere,bacteria,3,1516,1497,501,361,163,361,244,409,106,385,517,111,243,213,201,735,417,168,348,372,307,429,160,711,148,102,885,332,163,278,139,171,139,352,276,258,285,439,457,312,151,102,57,579,277,282,375,253,183,96,229,436,333,81,403,162,331,145,283,91,57,151,177,621,493,208,784,126,124,241,112,213,522,300,540,343,156,138,43,354,97,265,496,94,94,151,135,265,52,93,162,379,289,456,195,288,349,430,387,262,42,90,63,705,474,339,228,460,342,100,117,120,349,432,75,502,297,117,69,885,96,90,331,226,172,402,558,168,144,516,241,165,328,189,72,502,414,270,412,100,202,409,154,805,180,78,114,837,370,258,345,604
Elsanta_bacteria_rhizosphere_rep4,Elsanta,rhizosphere,bacteria,4,2286,1429,330,333,526,385,145,301,130,319,15,429,448,121,193,307,283,708,18,150,321,33,259,385,739,333,661,443,402,262,211,264,201,600,207,381,439,426,502,451,525,264,615,160,555,211,349,223,307,489,670,211,153,264,115,150,298,121,111,243,375,300,343,103,495,286,84,655,280,618,165,253,738,346,135,231,187,64,144,966,22,84,387,376,325,216,78,334,316,406,82,382,192,490,160,292,201,639,69,552,43,382,30,372,564,432,196,489,358,117,735,421,129,93,127,15,268,117,160,109,700,183,199,427,406,318,115,114,99,630,76,208,423,606,442,91,306,484,174,531,297,70,102,282,382,564,205,145,171,393,264,544
Elsanta_fungi_rhizosphere_rep1,Elsanta,rhizosphere,fungi,1,1447,865,165,274,243,166,469,304,117,465,660,235,546,205,370,435,150,384,60,39,400,91,91,298,45,523,532,403,576,302,270,120,618,438,210,117,880,94,183,252,36,553,312,156,91,397,504,525,114,541,475,270,196,114,292,330,178,75,301,819,105,147,187,37,246,111,75,93,328,241,466,43,193,40,114,142,219,96,513,207,241,85,37,441,15,381,169,244,408,103,235,354,648,205,282,295,555,127,81,616,39,178,177,306,565,559,184,139,417,244,319,108,334,154,456,172,307,240,132,58,363,151,349,216,465,229,532,166,312,216,163,364,97,495,279,819,150,484,204,142,348,238,639,619,603,676,90,358,177,475,216,316
Elsanta_fungi_rhizosphere_rep2,Elsanta,rhizosphere,fungi,2,1363,1132,492,261,162,310,87,405,298,160,204,235,166,292,181,360,52,108,270,148,322,369,288,85,354,393,774,404,519,520,117,262,138,331,219,112,219,360,310,66,175,103,345,223,157,262,133,201,541,82,198,76,126,223,49,490,196,124,109,496,358,445,103,952,336,472,102,87,699,93,334,133,220,459,136,187,297,486,310,241,1084,130,309,232,967,142,105,537,52,327,619,378,949,289,229,30,961,417,808,208,105,559,58,291,301,183,849,142,351,220,399,792,250,54,171,879,148,354,709,531,606,333,352,534,94,97,207,298,37,328,570,204,109,453,345,24,349,174,282,186,244,70,769,142,1116,369,732,61,246,64,103,145
Elsanta_fungi_rhizosphere_rep3,Elsanta,rhizosphere,fungi,3,1737,951,49,99,105,298,238,219,216,520,88,328,244,145,361,268,181,663,534,156,126,699,781,430,76,378,882,337,570,347,64,61,145,76,297,111,33,49,702,369,63,208,547,183,337,423,294,327,274,442,43,247,325,267,96,51,291,115,225,270,133,991,289,67,448,592,127,147,85,253,334,79,109,403,81,84,54,238,765,223,136,183,222,282,585,276,343,540,606,337,193,711,502,1116,543,1171,166,97,88,243,370,237,918,118,166,484,411,234,79,79,100,501,385,439,111,778,88,168,367,84,57,717,82,126,67,243,280,123,432,61,441,427,282,210,207,366,633,303,298,591,124,115,183,54,328,237,586,495,399,153,336,154
Elsanta_fungi_rhizosphere_rep4,Elsanta,rhizosphere,fungi,4,1651,612,255,291,453,162,90,58,490,442,105,403,226,397,399,453,579,309,259,393,207,511,142,181,294,327,922,457,307,464,327,334,354,438,162,105,270,433,111,379,679,367,318,826,373,141,336,48,675,37,357,202,156,429,213,102,196,816,153,223,282,210,604,297,142,1185,459,106,492,474,897,153,684,193,286,247,108,399,247,502,318,228,294,411,223,625,69,385,120,93,195,369,216,49,154,531,249,363,174,264,553,538,271,156,93,369,124,472,261,213,375,117,33,732,148,253,1107,289,102,244,84,171,78,13,571,276,595,526,565,285,42,546,268,333,276,543,73,73,333,696,42,498,166,325,471,292,639,342,130,607,613,280
Elsanta_bacteria_root_rep1,Elsanta,root,bacteria,1,750,569,8,30,62,6,176,247,53,105,51,23,51,29,199,183,64,205,128,291,37,61,88,43,235,221,428,381,169,447,118,183,95,247,35,123,162,180,144,254,155,137,107,34,14,42,367,43,107,16,295,392,107,48,128,58,135,100,192,112,107,137,194,228,42,85,163,315,114,6,39,30,0,79,115,84,208,383,59,157,214,96,83,222,121,88,226,251,52,220,133,175,53,378,277,76,265,56,51,39,170,212,74,90,105,275,67,38,25,243,47,125,229,133,93,130,52,23,112,146,234,228,37,211,11,270,88,71,242,68,307,121,31,299,57,85,193,230,179,142,268,159,149,46,65,258,124,207,36,161,143,133
Elsanta_bacteria_root_rep2,Elsanta,root,bacteria,2,711,620,107,54,196,279,138,30,61,114,305,56,200,216,72,114,86,79,234,34,110,68,142,112,570,92,289,378,95,385,21,30,564,381,110,107,106,11,105,275,159,216,104,56,59,172,137,32,206,637,48,68,56,76,88,96,115,69,158,27,203,65,156,191,149,78,338,186,308,93,70,170,159,97,237,142,35,82,25,56,133,32,144,387,184,91,105,116,28,67,67,67,37,125,319,86,417,17,65,134,203,91,112,74,86,67,107,160,337,161,39,40,81,228,286,170,183,183,128,156,203,177,329,74,91,147,32,123,6,175,16,169,242,112,120,22,207,123,33,138,55,133,200,206,106,35,49,107,123,177,21,221
Elsanta_bacteria_root_rep3,Elsanta,root,bacteria,3,813,567,198,219,105,132,100,455,89,102,54,180,6,77,155,246,171,118,35,172,338,280,109,9,69,348,364,309,168,466,196,109,137,60,306,115,342,181,60,34,179,75,23,25,305,159,118,60,45,175,60,294,314,48,81,56,52,56,30,176,230,187,101,85,158,5,117,55,191,219,239,23,15,23,79,72,170,201,44,44,335,168,225,65,46,189,216,66,219,81,155,86,99,245,67,46,128,153,35,184,82,54,46,148,317,52,34,175,72,92,191,73,27,196,155,44,66,58,46,130,116,100,171,80,38,186,134,39,217,104,409,504,50,197,35,149,144,95,159,51,65,134,128,150,90,108,115,352,116,107,142,39
Elsanta_bacteria_root_rep4,Elsanta,root,bacteria,4,1068,605,106,163,100,305,70,186,52,265,287,56,192,42,74,32,95,861,142,135,35,182,30,182,230,37,225,463,122,301,43,546,126,207,156,44,100,235,295,227,133,228,37,434,382,86,93,56,119,192,105,159,45,294,193,133,45,3,81,112,78,68,53,80,81,347,25,21,280,81,79,120,155,52,99,199,171,114,99,200,151,64,121,158,184,139,78,38,100,193,168,221,18,259,200,24,158,56,126,68,32,111,175,31,122,148,79,144,39,145,55,125,137,56,41,14,81,106,157,172,132,47,209,53,88,137,88,107,85,15,53,21,62,211,63,378,77,35,82,24,77,33,28,263,347,40,111,84,147,84,134,67
Elsanta_fungi_root_rep1,Elsanta,root,fungi,1,613,524,271,219,37,152,67,33,30,116,56,177,224,261,34,183,28,65,41,112,137,46,407,20,58,130,354,371,187,362,325,137,186,89,37,200,58,100,113,105,186,39,176,77,117,42,219,68,56,140,35,98,261,17,90,229,58,54,134,261,116,117,331,109,46,57,125,53,65,207,96,63,193,198,511,261,191,125,318,42,110,77,312,127,119,62,14,40,97,207,196,59,102,22,249,128,156,87,34,46,266,142,263,107,114,29,401,328,165,44,31,248,220,233,77,147,203,175,146,351,182,46,100,8,50,45,185,71,274,368,135,270,175,33,58,11,133,168,32,182,512,56,247,42,41,151,57,516,252,256,217,125
Elsanta_fungi_root_rep2,Elsanta,root,fungi,2,957,451,58,259,151,46,154,32,212,72,58,249,352,185,349,38,135,158,132,149,108,60,78,170,135,112,373,396,178,222,105,105,138,202,40,84,88,49,53,242,278,114,167,55,198,125,83,520,107,27,113,130,98,240,128,211,42,21,8,106,267,49,16,34,63,75,65,65,337,97,37,324,245,186,98,19,154,266,116,405,60,94,18,88,86,95,119,214,73,103,116,95,147,141,167,61,184,71,471,55,260,77,44,16,7,55,100,100,363,20,98,219,181,39,76,219,212,237,117,199,128,128,218,36,188,46,144,181,44,91,66,195,95,189,114,121,178,248,110,406,154,221,91,116,27,379,294,95,56,375,138,263
Elsanta_fungi_root_rep3,Elsanta,root,fungi,3,1054,520,97,163,117,581,130,249,143,95,102,56,147,206,200,84,81,244,107,212,237,158,214,52,237,27,323,495,111,407,79,113,35,105,337,87,95,197,155,142,271,46,170,140,49,33,193,77,84,18,198,144,94,220,44,74,60,137,135,319,62,118,156,41,144,98,84,86,209,82,246,62,90,563,156,151,52,158,100,88,51,191,37,413,244,14,112,178,71,80,94,178,32,92,95,296,329,219,126,288,69,207,242,108,105,128,412,53,191,415,82,26,157,127,165,163,62,72,108,62,2,88,41,33,154,247,207,93,196,86,348,287,98,11,43,16,32,149,96,118,151,137,130,79,50,84,133,420,74,46,44,75
Elsanta_fungi_root_rep4,Elsanta,root,fungi,4,751,703,226,59,114,72,165,196,70,23,70,166,104,182,141,161,113,186,193,135,123,28,230,217,104,110,221,316,195,336,75,114,84,193,88,253,67,121,246,196,67,170,154,70,64,194,208,111,282,39,127,67,532,77,166,264,30,250,11,45,33,189,49,49,226,53,233,307,42,576,84,120,6,263,100,28,65,110,44,248,30,37,165,109,102,106,125,140,213,94,47,391,315,254,25,9,54,248,78,167,22,199,324,55,88,83,18,36,118,19,81,98,319,431,144,24,144,153,21,154,125,193,322,205,61,267,112,72,196,116,199,452,154,154,59,41,191,213,268,70,72,83,178,22,26,121,184,176,70,98,126,118
Elsanta_bacteria_leaves_rep1,Elsanta,leaves,bacteria,1,510,342,18,31,76,115,97,38,92,62,68,157,90,16,46,138,114,75,54,82,80,34,59,140,48,30,176,393,41,575,40,27,75,34,197,98,28,68,70,105,55,151,99,48,24,106,32,12,49,152,88,31,140,110,68,78,31,116,151,37,20,127,57,169,84,121,38,22,68,34,49,16,121,35,76,24,36,0,115,12,9,108,43,149,56,140,79,170,80,114,100,107,89,108,86,10,56,125,148,57,95,70,32,97,57,130,66,110,56,40,210,54,54,73,90,32,107,66,90,68,38,66,84,30,64,142,144,101,58,62,91,8,33,72,198,13,23,1,127,182,66,105,13,50,29,69,107,63,71,46,104,88
Elsanta_bacteria_leaves_rep2,Elsanta,leaves,bacteria,2,470,228,26,86,51,118,54,54,102,115,74,68,24,57,169,198,130,86,73,54,62,15,99,40,33,299,276,275,156,404,8,19,205,118,51,48,8,40,29,114,78,17,243,97,37,26,55,42,28,18,318,14,50,91,6,52,56,122,41,66,148,47,28,45,43,92,200,41,40,61,72,140,60,31,126,58,8,432,128,31,35,36,38,87,57,286,48,60,137,258,138,101,43,12,25,16,55,58,158,19,24,40,42,31,64,7,15,31,26,55,50,24,132,19,58,24,44,49,81,248,38,28,34,117,63,26,6,109,146,18,140,46,45,150,44,103,75,124,74,64,42,14,36,114,85,70,132,74,15,19,54,98
Elsanta_bacteria_leaves_rep3,Elsanta,leaves,bacteria,3,342,327,278,2,44,13,54,148,38,84,28,31,80,130,148,308,77,115,53,53,57,10,37,79,122,23,215,358,52,465,68,152,21,274,27,40,96,123,33,70,110,47,20,218,89,135,28,135,60,46,252,58,159,85,74,59,100,91,31,78,15,30,7,79,142,41,183,78,142,80,42,30,40,84,338,38,53,113,110,59,107,15,249,282,12,59,126,100,79,26,270,36,78,27,141,19,125,96,101,154,159,42,80,94,77,212,35,90,20,97,84,70,84,69,30,28,17,18,74,8,66,93,27,122,63,11,22,191,80,20,26,16,84,82,103,18,67,76,93,74,8,60,38,39,15,39,109,49,66,104,97,165
Elsanta_bacteria_leaves_rep4,Elsanta,leaves,bacteria,4,577,396,10,52,74,76,118,113,74,69,18,11,161,22,33,71,130,224,120,29,267,52,33,114,92,39,180,503,238,452,168,161,26,98,83,83,30,107,81,142,174,125,98,73,49,60,28,180,121,43,15,74,116,167,38,101,68,123,6,120,22,88,76,112,31,82,30,125,24,126,150,12,29,82,172,161,106,44,63,77,124,49,105,62,159,38,40,19,66,186,41,36,96,83,249,16,17,116,54,113,36,287,113,41,72,152,205,165,28,12,60,195,236,16,96,106,168,60,56,124,41,51,88,40,95,35,10,124,69,211,175,82,74,32,80,58,50,63,11,104,101,200,47,39,92,57,146,22,9,140,104,53
Elsanta_fungi_leaves_rep1,Elsanta,leaves,fungi,1,482,365,66,115,100,166,88,39,24,30,36,104,86,15,152,36,48,95,78,117,78,60,94,81,34,38,193,276,45,393,151,43,30,36,38,43,114,72,59,195,162,142,32,65,222,26,415,94,107,42,54,5,127,172,92,134,57,181,140,67,110,59,84,32,91,36,69,73,28,42,13,31,125,99,109,29,67,96,132,64,48,4,125,37,152,15,26,60,154,30,102,37,57,36,38,150,22,73,98,48,6,37,63,85,125,130,74,46,67,162,32,76,21,33,50,95,81,42,103,75,51,144,126,89,29,133,163,92,44,25,106,32,58,13,74,88,19,68,145,50,42,81,31,104,113,62,70,18,183,25,23,46
Elsanta_fungi_leaves_rep2,Elsanta,leaves,fungi,2,438,397,35,30,44,52,125,69,132,84,68,73,77,46,76,63,72,31,91,75,61,59,9,256,67,41,215,418,28,479,74,77,45,45,30,112,28,48,138,38,125,26,120,160,25,79,162,23,9,44,47,24,30,90,14,112,19,240,36,70,71,134,78,14,69,13,86,66,60,32,98,100,119,104,131,166,28,54,52,86,148,62,89,64,37,58,61,126,96,57,302,31,41,62,84,88,34,59,62,32,35,43,47,92,63,139,50,27,56,22,110,51,83,62,95,63,33,113,42,156,23,40,147,22,9,63,47,19,58,147,7,102,27,45,88,168,89,63,78,38,76,12,115,10,25,79,17,162,115,27,46,57
Elsanta_fungi_leaves_rep3,Elsanta,leaves,fungi,3,358,230,15,55,100,106,36,72,92,64,18,55,47,167,50,2,56,167,48,58,63,38,23,32,14,24,138,528,158,402,128,66,151,60,141,31,118,32,35,110,52,33,18,115,90,7,21,33,111,62,12,195,69,3,36,75,46,26,123,41,78,67,137,404,88,58,100,100,45,15,44,14,34,108,65,14,71,50,107,128,48,62,40,154,2,56,41,214,54,52,97,128,19,6,23,104,16,87,31,50,25,14,90,31,54,101,104,39,58,104,108,42,20,79,196,52,13,170,36,63,8,88,41,180,177,82,27,158,164,125,52,222,106,18,94,57,142,100,62,125,37,71,55,24,18,61,66,63,28,42,70,134
Elsanta_fungi_leaves_rep4,Elsanta,leaves,fungi,4,521,327,84,61,90,126,51,24,62,55,115,228,42,24,63,158,148,83,38,63,135,68,29,36,117,97,140,443,191,438,86,48,55,79,10,92,154,26,83,74,106,33,81,40,95,63,30,96,152,92,66,22,115,40,29,60,14,267,61,110,49,57,142,27,70,52,154,134,22,19,29,127,204,56,55,134,36,86,259,63,78,17,33,75,190,11,50,22,89,112,154,182,156,32,37,74,78,76,42,74,182,31,49,49,128,74,66,98,116,65,47,102,27,6,96,102,24,40,122,20,209,47,89,4,48,100,56,28,94,56,27,42,57,91,170,111,86,81,33,132,12,48,38,18,81,38,15,154,117,64,140,14
Monterey_bacteria_bulk_soil_rep1,Monterey,bulk_soil,bacteria,1,1230,1906,52,234,296,412,60,125,28,235,137,414,227,122,110,255,65,221,53,109,167,335,134,335,90,523,35,164,116,239,175,85,307,279,54,165,90,157,138,170,187,89,53,215,711,168,108,80,175,332,79,36,64,203,260,235,53,77,53,150,204,180,68,265,306,231,21,61,28,34,38,47,402,88,125,158,240,4,139,73,106,665,123,86,152,143,92,175,139,147,467,141,376,489,63,156,63,212,65,265,77,75,259,384,279,75,22,129,65,596,207,120,38,40,16,119,403,90,69,41,72,138,60,110,473,210,112,185,121,185,309,16,262,221,62,163,228,73,456,206,112,274,25,101,200,84,464,33,298,35,372,257
Monterey_bacteria_bulk_soil_rep2,Monterey,bulk_soil,bacteria,2,1321,1599,38,86,115,67,57,350,80,105,179,122,208,153,64,42,131,702,301,78,223,215,196,129,284,83,62,133,111,182,124,14,214,346,193,322,44,229,377,157,203,35,110,159,64,69,57,176,212,66,148,52,207,194,308,286,284,50,101,485,22,201,57,278,57,148,305,388,170,506,116,119,35,290,345,297,44,104,199,224,42,272,22,605,80,329,211,260,138,54,48,151,515,200,229,42,43,178,348,167,119,186,110,44,143,102,144,37,399,47,89,313,211,214,59,402,322,42,363,287,494,245,99,62,205,105,114,258,93,250,237,165,318,134,63,131,247,217,232,194,132,121,80,94,142,215,120,84,182,116,614,633
Monterey_bacteria_bulk_soil_rep3,Monterey,bulk_soil,bacteria,3,1311,2267,177,102,144,73,54,343,424,4,326,227,253,448,66,387,420,533,76,45,388,171,445,209,133,20,36,84,443,156,245,118,120,16,163,490,57,186,268,589,74,327,292,234,494,101,452,141,126,73,205,90,293,303,12,23,234,610,332,174,91,146,47,206,266,63,223,356,517,46,235,115,125,21,210,281,241,98,62,564,90,319,232,121,152,281,79,231,91,2,91,176,129,36,106,95,127,113,410,148,191,107,104,88,147,218,148,177,241,174,183,179,266,48,318,238,146,399,278,256,64,161,174,68,515,70,171,206,356,143,86,169,169,165,189,153,197,59,175,180,340,28,186,186,106,240,66,501,306,183,312,258
Monterey_bacteria_bulk_soil_rep4,Monterey,bulk_soil,bacteria,4,1037,2359,138,472,161,89,98,252,215,134,205,286,27,220,78,312,203,369,231,390,599,231,298,208,232,220,19,293,249,139,77,162,95,266,309,36,175,185,228,273,314,65,362,208,47,480,414,301,34,809,297,31,248,199,217,148,225,145,101,230,275,59,182,39,71,179,139,311,196,356,72,310,48,218,124,50,498,120,315,170,241,95,148,153,76,111,142,123,102,160,39,161,41,484,302,33,243,38,66,78,318,71,180,411,255,161,295,243,86,257,226,123,209,321,252,71,143,113,72,195,8,49,154,160,273,625,300,121,341,200,96,140,95,106,207,83,77,89,130,277,226,89,173,26,411,145,247,68,70,62,100,135
Monterey_fungi_bulk_soil_rep1,Monterey,bulk_soil,fungi,1,516,2024,126,191,519,115,137,282,73,299,149,37,12,212,396,402,113,48,133,117,667,100,121,291,89,72,47,174,111,111,193,147,33,50,148,233,341,95,32,114,149,236,216,123,191,233,122,335,24,242,162,45,10,115,80,418,134,48,119,286,203,249,93,457,89,163,201,75,46,103,248,419,256,162,65,275,79,498,342,154,182,177,287,186,121,246,140,132,184,173,742,60,115,195,78,67,178,169,260,23,234,16,445,71,389,98,762,253,290,199,160,364,8,68,113,108,154,488,330,26,78,300,135,261,113,60,87,43,147,229,21,53,107,33,25,172,124,163,119,444,283,324,41,447,372,159,461,403,40,16,178,166
Monterey_fungi_bulk_soil_rep2,Monterey,bulk_soil,fungi,2,1178,2286,161,87,151,75,159,284,335,173,175,215,199,195,340,128,88,193,389,215,33,493,96,821,91,58,24,91,26,138,172,269,254,184,317,212,102,60,164,125,344,168,685,222,274,292,57,314,92,53,111,100,49,200,107,75,57,265,281,207,107,336,177,123,357,195,32,218,101,123,400,443,40,104,111,21,171,67,171,41,310,455,244,243,154,281,165,281,122,262,256,19,171,722,165,400,174,144,185,372,246,485,447,4,101,93,615,140,168,381,168,117,323,338,425,181,102,82,301,23,352,303,267,133,218,98,89,332,86,223,233,94,486,182,44,104,51,77,228,404,388,153,185,150,77,164,215,656,194,20,283,5
Monterey_fungi_bulk_soil_rep3,Monterey,bulk_soil,fungi,3,1164,1989,98,310,142,146,186,176,38,74,88,264,62,290,84,158,58,404,239,310,132,106,70,125,153,58,52,138,60,117,108,413,453,92,99,185,83,191,186,261,98,88,291,206,251,98,206,88,100,62,626,33,229,28,74,56,197,114,235,76,164,213,8,161,306,184,38,115,276,73,41,576,189,50,44,606,38,216,172,344,62,217,110,585,229,51,293,379,328,331,282,33,159,147,140,156,450,216,278,38,118,175,173,311,193,58,31,127,110,32,372,60,269,128,146,285,619,58,84,147,123,74,139,212,155,131,342,95,133,258,147,86,226,50,1,160,492,93,69,247,197,1,328,85,109,117,149,337,352,85,188,284
Monterey_fungi_bulk_soil_rep4,Monterey,bulk_soil,fungi,4,1232,1527,215,17,694,163,124,184,344,202,197,94,54,78,204,118,25,40,288,183,101,349,285,438,403,413,49,135,452,140,380,205,287,342,109,300,19,210,301,150,514,38,94,350,104,234,112,90,258,383,351,190,30,181,40,48,267,117,156,411,223,154,141,90,363,226,313,126,280,75,162,110,193,386,199,310,108,396,409,223,338,111,176,424,161,174,229,535,136,383,123,82,313,187,395,109,77,249,312,302,161,55,242,124,168,125,153,324,395,577,77,64,95,80,248,478,108,59,362,88,319,26,316,141,320,227,328,347,137,131,55,18,45,796,146,351,115,53,26,167,435,268,804,199,185,148,65,186,99,33,293,283
Monterey_bacteria_rhizosphere_rep1,Monterey,rhizosphere,bacteria,1,2254,3552,219,85,310,322,234,16,96,168,901,30,1047,523,426,292,48,97,151,1059,277,123,348,321,268,405,54,170,267,145,312,169,138,64,315,466,51,186,474,316,322,99,231,367,115,142,288,190,175,303,328,186,265,163,199,174,45,40,135,153,189,285,474,220,460,613,501,225,186,414,261,114,94,270,861,394,238,243,577,81,445,171,157,312,403,454,327,210,342,414,957,138,435,637,229,288,538,292,748,229,771,364,295,264,214,177,340,673,475,372,352,336,237,273,393,87,297,202,277,37,258,174,321,154,145,312,211,697,138,189,54,987,291,292,312,271,445,118,351,156,1359,49,279,915,324,49,109,304,42,138,681,336
Monterey_bacteria_rhizosphere_rep2,Monterey,rhizosphere,bacteria,2,1785,3105,748,519,372,66,244,429,159,145,99,231,127,483,78,396,256,162,165,204,187,585,124,222,303,316,79,343,39,189,277,204,1224,1054,126,189,483,258,486,265,190,709,54,93,625,474,52,634,309,388,336,303,634,84,409,169,144,297,238,807,334,699,255,657,54,466,589,454,273,757,342,64,159,285,385,679,112,168,843,337,526,199,88,145,192,721,742,357,126,244,72,136,280,468,178,400,619,151,255,58,153,688,145,81,366,307,694,337,222,357,814,666,148,163,352,163,345,148,75,378,280,109,78,270,97,342,279,331,322,120,468,276,528,174,63,132,106,532,274,31,484,82,643,591,342,144,328,190,177,108,78,177
Monterey_bacteria_rhizosphere_rep3,Monterey,rhizosphere,bacteria,3,2007,3217,553,516,720,267,129,231,147,96,184,571,322,141,196,49,96,513,456,82,1159,309,147,525,334,135,105,255,234,133,424,388,591,286,81,84,546,387,72,289,255,160,253,252,102,150,169,469,171,460,457,213,372,430,537,247,411,91,285,598,66,189,369,1072,118,286,232,592,930,631,171,151,205,148,366,214,174,403,115,844,426,199,144,16,66,103,378,912,352,300,100,172,58,18,405,268,138,481,94,114,337,165,294,132,153,16,247,156,541,955,154,265,67,754,478,313,82,279,396,48,679,630,126,342,300,142,586,633,250,192,427,139,79,312,61,277,456,442,100,88,79,148,204,328,117,285,280,801,42,201,381,160
Monterey_bacteria_rhizosphere_rep4,Monterey,rhizosphere,bacteria,4,1912,3102,597,352,127,204,292,205,319,162,237,48,393,240,15,325,54,298,214,316,186,15,18,84,76,214,70,229,123,126,972,546,343,111,408,603,166,450,106,349,37,135,103,226,633,172,246,330,432,475,67,196,600,288,610,235,283,250,424,217,220,211,171,85,174,246,268,381,138,207,40,462,270,316,270,76,514,174,73,301,207,204,210,225,226,180,102,354,373,178,178,736,37,54,526,210,109,142,52,574,634,265,529,145,300,133,262,195,274,306,666,220,6,367,321,181,181,214,31,111,157,226,114,150,310,262,228,117,151,529,262,82,130,297,255,109,339,1078,135,171,244,61,309,109,79,709,235,144,247,91,148,339
Monterey_fungi_rhizosphere_rep1,Monterey,rhizosphere,fungi,1,1384,3067,498,349,345,562,471,49,874,54,184,370,111,138,750,178,55,88,379,135,442,271,136,265,378,292,52,271,240,185,150,505,352,40,280,52,459,235,673,541,373,258,289,348,367,492,601,222,286,250,222,283,387,490,255,126,366,567,156,930,126,162,129,288,157,462,204,507,112,736,642,120,265,739,405,363,175,309,465,72,604,601,618,562,202,571,172,112,279,411,511,211,127,58,9,409,229,268,103,174,777,54,615,247,64,376,330,13,852,190,333,204,115,94,414,52,397,822,187,559,633,897,21,201,43,151,585,282,144,367,354,313,1038,339,97,151,133,358,136,229,141,148,54,544,235,79,54,216,576,78,277,295
Monterey_fungi_rhizosphere_rep2,Monterey,rhizosphere,fungi,2,1411,3213,250,66,205,481,138,292,151,166,310,150,99,573,132,300,433,1008,148,366,343,316,129,238,217,279,85,310,123,177,120,84,85,387,145,24,150,832,802,73,691,457,268,627,292,93,81,3,528,217,196,202,267,78,241,274,120,297,730,450,118,456,94,895,178,75,351,304,184,96,460,340,57,510,199,733,142,183,174,213,289,379,301,220,180,264,379,372,195,420,259,120,346,235,540,175,346,178,355,117,429,135,177,438,156,132,645,94,751,411,342,99,94,118,564,145,333,126,637,118,424,954,214,543,592,304,460,295,105,201,135,246,85,136,259,27,109,504,291,478,316,34,171,181,798,499,565,154,606,96,684,132
Monterey_fungi_rhizosphere_rep3,Monterey,rhizosphere,fungi,3,2145,3222,463,177,220,99,211,367,181,208,183,462,364,99,234,49,279,435,165,643,504,247,610,603,184,562,87,231,249,140,22,601,531,201,72,535,534,190,100,213,67,736,304,525,270,235,277,207,435,187,9,16,696,93,633,106,367,277,229,271,270,322,346,279,580,208,310,292,955,144,118,265,289,300,261,208,132,265,252,333,303,270,187,84,151,430,25,213,465,88,213,271,217,438,246,174,79,156,207,285,36,463,348,435,157,265,333,358,576,349,184,313,120,187,183,216,150,586,102,169,130,154,481,370,231,151,22,126,478,100,586,153,393,270,250,265,484,301,549,91,361,63,151,361,208,342,534,114,210,541,280,501
Monterey_fungi_rhizosphere_rep4,Monterey,rhizosphere,fungi,4,1536,3718,478,214,103,280,636,120,484,289,540,264,33,379,541,277,469,138,181,201,133,447,628,184,106,79,66,286,490,174,97,618,240,271,226,28,369,492,148,480,385,187,97,58,376,300,591,403,256,91,756,288,144,378,178,199,256,456,259,40,280,142,208,574,288,225,390,259,172,169,264,499,124,30,408,358,175,130,405,382,172,196,205,376,142,52,720,198,313,318,331,316,286,87,225,84,792,423,187,159,634,100,249,507,252,99,295,120,549,429,286,658,291,165,259,70,682,352,498,196,195,309,159,241,624,79,235,166,322,202,601,304,82,504,283,220,256,91,184,34,208,301,333,328,352,70,309,238,313,69,438,106
Monterey_bacteria_root_rep1,Monterey,root,bacteria,1,891,1561,140,11,224,64,118,151,149,324,56,120,419,255,32,69,137,72,17,70,37,112,125,82,110,16,53,161,203,139,23,244,137,79,175,172,128,109,135,155,163,68,216,112,38,39,183,51,29,186,153,25,247,109,78,14,410,27,161,87,90,145,196,33,125,79,112,70,207,440,60,84,301,133,114,226,57,89,204,82,77,199,133,221,312,7,425,120,249,282,53,62,81,31,135,212,196,6,193,220,77,47,165,132,196,75,104,114,157,61,165,56,163,255,30,39,109,102,94,116,40,21,252,33,54,152,184,345,248,70,72,25,161,82,64,207,150,186,64,242,217,267,93,130,240,91,154,70,187,89,27,98
Monterey_bacteria_root_rep2,Monterey,root,bacteria,2,696,1716,209,132,370,225,206,122,28,42,73,9,123,108,158,228,174,81,245,28,144,100,13,327,94,279,30,148,106,141,308,102,194,33,59,126,115,85,261,47,99,84,175,49,71,41,83,189,225,138,312,89,51,171,159,111,182,108,93,207,179,59,85,246,217,545,113,60,49,389,242,151,114,93,74,91,172,13,77,218,83,184,216,178,236,203,178,200,70,42,89,110,89,88,221,88,245,249,67,41,125,89,151,54,109,154,70,86,120,77,137,95,177,259,95,144,120,149,49,354,13,117,38,182,215,55,79,25,182,221,95,48,133,150,40,32,266,247,184,16,171,184,42,60,107,247,157,388,259,61,73,132
Monterey_bacteria_root_rep3,Monterey,root,bacteria,3,944,1786,131,228,32,372,485,104,67,172,263,95,109,129,175,164,21,52,51,141,83,168,291,89,160,120,55,138,48,212,405,249,274,300,3,218,32,77,171,488,70,278,188,124,76,182,24,143,212,161,147,61,49,157,163,235,68,122,98,333,88,70,199,114,17,203,124,147,214,151,102,190,142,245,191,59,170,59,191,53,86,140,18,195,130,91,28,159,98,52,83,81,56,62,42,120,176,59,125,84,51,107,22,53,338,118,301,30,77,132,181,130,138,240,181,54,59,74,105,118,81,296,280,168,216,93,121,163,313,163,334,113,116,4,21,196,125,154,3,84,55,273,156,32,240,567,226,113,149,112,222,249
Monterey_bacteria_root_rep4,Monterey,root,bacteria,4,874,1131,76,183,248,84,32,240,338,56,163,143,154,386,102,37,56,39,314,36,121,70,67,148,19,205,25,217,303,144,31,239,139,65,191,78,74,37,60,206,53,113,172,74,86,152,58,132,93,263,94,90,162,270,142,195,58,42,44,42,118,454,122,150,239,200,706,44,112,81,68,173,49,234,125,277,256,184,126,420,120,234,210,128,103,224,98,48,124,62,392,131,191,480,210,176,125,178,238,245,35,23,100,237,42,44,135,213,536,130,70,81,246,81,93,56,93,55,108,52,46,216,373,60,249,214,72,163,218,74,105,187,28,401,179,212,243,37,386,195,143,129,44,75,30,87,192,49,95,68,208,72
Monterey_fungi_root_rep1,Monterey,root,fungi,1,798,1738,82,79,124,89,60,139,224,98,137,116,226,197,212,119,420,46,19,75,12,53,149,5,95,269,46,42,215,133,104,109,389,373,77,74,672,149,117,30,78,95,308,89,53,42,45,47,205,135,426,104,70,174,223,60,167,106,77,157,138,15,66,123,91,62,137,80,112,126,47,207,105,67,90,269,179,25,126,280,91,218,55,53,122,123,12,89,140,214,7,100,24,37,162,69,92,143,90,57,39,62,109,13,163,151,134,93,95,112,155,105,121,38,60,52,51,215,48,11,36,25,176,66,158,40,118,114,125,308,125,12,154,23,214,23,135,108,317,58,113,179,279,150,191,237,77,289,30,65,102,59
Monterey_fungi_root_rep2,Monterey,root,fungi,2,933,1606,25,173,200,306,197,23,99,16,46,29,65,232,56,163,602,127,129,147,72,146,138,57,105,62,31,279,239,150,132,40,111,119,110,112,257,69,154,132,116,61,168,128,93,261,247,448,129,99,145,228,407,36,93,133,46,168,135,96,157,294,77,43,164,313,70,122,217,141,159,647,135,74,29,95,16,60,115,192,344,139,251,95,92,265,404,42,244,180,37,193,91,130,115,72,98,72,37,308,107,125,34,45,333,151,61,192,62,80,186,88,123,165,92,141,209,86,158,32,417,175,144,225,91,40,357,90,254,35,250,154,162,357,41,88,114,168,118,162,93,291,193,49,315,217,58,81,55,44,81,165
Monterey_fungi_root_rep3,Monterey,root,fungi,3,875,1572,207,111,331,17,269,41,30,50,84,417,49,84,81,11,32,151,106,195,146,25,406,81,108,168,38,170,182,71,92,60,118,203,88,94,30,146,42,181,128,359,77,221,93,71,50,7,242,111,90,369,194,88,158,11,19,84,160,72,71,74,11,151,360,112,109,196,121,91,52,46,173,74,91,101,29,23,198,175,58,128,116,520,264,155,137,18,221,16,95,10,91,172,102,56,164,172,115,329,190,175,23,68,228,144,6,60,101,23,239,89,84,306,258,39,74,36,301,33,87,333,144,149,184,147,261,17,13,231,112,94,82,143,251,361,350,382,184,131,102,267,51,35,95,94,112,135,95,93,152,289
Monterey_fungi_root_rep4,Monterey,root,fungi,4,738,1677,80,222,81,250,77,233,89,171,79,43,135,172,156,169,158,128,194,291,142,5,185,384,53,85,6,249,85,143,172,32,72,245,65,91,21,240,136,71,170,106,205,177,65,158,82,59,101,112,42,154,47,222,148,73,215,44,550,97,46,156,170,270,217,329,147,317,290,161,154,151,117,186,56,118,152,18,50,116,59,395,182,129,34,14,86,444,134,81,182,133,116,98,226,283,150,201,74,11,65,109,57,263,54,248,233,72,203,8,124,45,278,39,47,123,101,157,58,23,134,23,434,232,166,88,46,273,46,131,60,31,344,128,57,147,144,179,42,76,168,259,161,23,128,293,348,264,95,119,290,148
Monterey_bacteria_leaves_rep1,Monterey,leaves,bacteria,1,480,808,41,101,202,95,38,82,92,48,84,72,29,53,4,150,64,92,24,60,78,193,105,76,53,154,37,116,13,160,61,116,106,43,165,367,99,34,352,98,40,81,63,161,34,104,83,108,106,52,86,44,58,105,137,43,74,136,92,153,65,11,76,55,98,99,21,33,60,74,32,132,47,179,118,22,100,31,21,18,142,10,59,252,56,6,45,54,12,82,18,61,30,37,32,164,220,85,64,162,94,40,47,7,142,120,15,128,64,179,124,85,55,56,94,104,15,31,56,36,20,11,64,80,39,46,180,48,56,64,113,66,67,46,185,63,9,27,9,115,44,28,53,206,17,70,142,193,183,107,22,114
Monterey_bacteria_leaves_rep2,Monterey,leaves,bacteria,2,533,912,124,149,42,9,28,122,38,38,58,79,17,53,14,100,92,68,32,129,90,76,121,183,6,52,22,266,142,229,58,86,6,104,71,2,223,39,102,91,31,62,95,87,14,64,21,315,8,147,96,48,4,122,78,98,60,68,57,28,41,81,46,230,147,51,96,36,118,120,40,100,148,72,26,180,8,64,50,60,67,55,22,8,12,42,144,94,60,137,180,159,110,90,40,56,197,36,96,42,58,110,36,16,95,183,232,20,24,76,90,247,100,65,81,72,66,179,95,39,29,76,6,55,61,14,110,10,13,22,178,131,104,121,48,292,41,115,58,26,173,191,125,58,85,65,112,122,28,27,36,163
Monterey_bacteria_leaves_rep3,Monterey,leaves,bacteria,3,568,712,82,17,36,136,60,60,199,34,48,55,164,150,51,82,82,24,177,105,85,89,28,80,3,109,28,282,133,153,47,122,145,33,185,85,67,24,50,28,72,100,136,68,85,38,49,42,76,107,82,56,135,113,20,127,48,39,271,184,156,54,186,59,81,17,5,77,73,46,150,61,50,94,33,44,58,78,13,182,66,15,89,23,131,99,67,190,12,75,138,32,22,96,17,72,139,30,77,49,127,37,100,26,34,36,56,47,184,98,36,197,99,177,34,94,100,97,22,32,24,45,76,54,107,10,49,48,9,77,85,72,33,55,31,46,55,52,58,92,12,40,69,26,67,4,36,17,78,84,56,121
Monterey_bacteria_leaves_rep4,Monterey,leaves,bacteria,4,469,670,12,72,306,134,118,192,20,88,30,96,174,104,101,92,26,134,143,54,74,168,132,159,142,13,8,206,125,167,47,74,30,28,64,61,84,277,242,112,37,77,104,37,83,211,15,32,33,236,30,212,98,102,5,12,153,153,115,206,96,24,158,17,130,71,34,48,144,238,63,84,76,117,128,34,17,84,8,143,42,86,57,53,98,81,94,77,116,106,37,74,162,40,12,60,27,136,22,47,26,54,263,144,213,47,27,98,143,53,144,196,32,151,42,55,40,45,41,22,32,13,106,32,83,79,118,66,68,69,62,77,70,95,73,41,104,77,64,24,128,43,37,68,124,57,98,188,16,160,163,61
Monterey_fungi_leaves_rep1,Monterey,leaves,fungi,1,622,903,6,45,81,20,123,105,184,76,81,21,128,24,15,87,43,46,68,178,2,90,28,79,124,71,21,231,49,163,95,38,56,20,48,44,15,42,93,140,31,90,134,69,35,87,95,175,162,97,42,86,86,55,37,56,18,62,102,135,92,46,5,116,26,58,55,50,65,191,89,10,274,98,28,216,36,85,38,154,289,63,213,57,66,39,29,73,59,42,47,92,203,25,100,41,169,188,63,6,143,108,33,58,58,102,246,202,31,164,214,35,35,23,58,73,131,90,83,53,440,98,52,162,121,221,18,48,2,69,6,111,111,61,92,117,49,59,9,83,36,38,52,47,77,8,36,91,126,17,51,36
Monterey_fungi_leaves_rep2,Monterey,leaves,fungi,2,420,831,175,275,21,58,64,16,107,41,88,64,20,230,214,80,40,100,116,51,111,40,54,100,154,36,18,138,55,240,149,159,54,146,92,48,23,106,215,157,23,90,82,36,29,251,146,134,45,76,63,77,154,132,57,58,74,221,21,83,23,71,18,92,46,75,43,79,34,56,62,34,82,101,58,18,130,177,72,56,69,89,16,155,33,84,56,50,99,83,119,90,115,70,175,10,106,64,46,44,82,94,36,318,32,108,22,34,20,110,42,188,134,232,85,26,92,64,36,227,41,110,32,8,64,16,27,119,25,26,82,112,36,62,45,32,17,62,33,124,189,23,45,120,37,39,184,164,80,122,124,11
Monterey_fungi_leaves_rep3,Monterey,leaves,fungi,3,355,839,25,5,23,82,87,79,226,91,36,92,87,71,36,74,127,38,27,16,188,29,86,45,74,80,11,202,28,190,45,57,242,43,205,196,52,116,102,34,254,8,31,139,60,88,254,65,56,146,23,17,46,21,142,76,74,84,223,90,164,42,29,78,156,6,16,58,78,102,118,76,80,122,78,30,53,60,192,66,37,36,33,85,54,14,9,27,73,27,147,75,60,96,45,91,80,47,127,30,102,52,155,173,66,79,48,89,86,55,15,128,16,29,17,145,31,57,154,139,174,68,16,17,10,13,66,108,55,73,27,105,33,50,58,26,98,30,52,47,80,106,78,131,188,91,28,91,34,145,15,24
Monterey_fungi_leaves_rep4,Monterey,leaves,fungi,4,366,744,84,13,142,109,54,26,115,86,79,97,91,34,128,95,83,49,52,36,95,16,37,30,32,102,30,258,275,91,82,11,4,53,50,50,34,80,58,105,29,124,20,28,146,93,149,60,46,27,32,89,30,105,157,77,198,15,28,95,161,16,139,92,72,36,75,37,88,81,44,205,139,36,141,15,18,24,46,8,24,56,98,26,180,63,192,69,34,70,62,40,23,90,170,4,14,35,43,139,74,80,127,73,156,35,37,132,79,47,100,51,76,64,38,70,103,21,34,112,166,35,15,7,21,83,93,38,130,62,42,182,28,30,24,236,103,222,44,183,76,78,182,63,26,58,50,17,58,4,31,19
